Date,AAPL,MSFT,GOOGL,NVDA,TSLA
2023-10-18,-0.007395001691732461,-0.005872622372031566,-0.012596591498892473,-0.03964670187497532,-0.04775363208267347
2023-10-19,-0.0021608702155586634,0.00366566692794823,-0.0015222595235880876,-0.002251397184220294,-0.09300310180733784
2023-10-20,-0.014704310699650835,-0.014034762611689344,-0.015607736377987957,-0.01695916527470842,-0.036890623300491754
2023-10-23,0.0006942089391543949,0.008112158802815017,0.0066368971644645836,0.03836949011358892,0.0004245310418349302
2023-10-24,0.0025432513038672333,0.003674083344001877,0.016923058394462176,0.01600914397127351,0.02093550737020089
2023-10-25,-0.013491545052645604,0.030678134322273287,-0.09509401379431259,-0.04314854557772585,-0.018935922882932887
2023-10-26,-0.024605644370848334,-0.0375144148415445,-0.02651062978524421,-0.03477824961356846,-0.031352997455599385
2023-10-27,0.007969283585253395,0.005855668139566728,-0.0008995019819764138,0.004314910981475517,0.00748448962886572
2023-10-30,0.012305165390446904,0.022740328332504278,0.018744381304124147,0.016320881263878206,-0.04794984223383958
2023-10-31,0.0028188892179432656,0.0023716858273472585,-0.003053116511962717,-0.009256239455781357,0.017632730628176496
2023-11-01,0.01873865663931995,0.023542736477324633,0.019100467539247212,0.03788631830067124,0.023999240251476817
2023-11-02,0.020693302969716942,0.006501626525533544,0.008224647040397937,0.02790297267193642,0.06248172039245192
2023-11-03,-0.005181117404646218,0.012861716603078888,0.012628536218510789,0.034454983317861565,0.006635907937775798
2023-11-06,0.014605257086594658,0.01057255555640424,0.008907685394199838,0.016575916849357997,-0.0031369449915676917
2023-11-07,0.014450550258281236,0.011219244628553948,0.005527748265339083,0.004459012946880447,0.013271256198382764
2023-11-08,0.005884998465700564,0.00740562086537766,0.006642888020407245,0.013469651982286557,-0.00031502415940676265
2023-11-09,-0.00262460027143252,-0.006910655817612299,-0.012135882164976408,0.00807316694781135,-0.054612601186257326
2023-11-10,0.023220073144624154,0.02489672028171297,0.01804353291039007,0.029499502089808116,0.022240205086035525
2023-11-13,-0.008583749802077989,-0.008088399808606206,-0.0037709604181834777,0.005896266737485778,0.04220830689495392
2023-11-14,0.014285837998577078,0.009790498207018494,0.01158286607716752,0.02130800970612734,0.06123998273248876
2023-11-15,0.0030409804169464483,0.000406011038179388,0.007483900076992622,-0.015466257238157755,0.022871793909364557
2023-11-16,0.009042000552955454,0.01758318677541637,0.017159507570340793,0.012109323854574638,-0.038090924639652135
2023-11-17,-0.00010536598375610051,-0.016800809665692418,-0.011830740964108855,-0.0036781685449900348,0.0030395424675642158
2023-11-20,0.009278213193990137,0.02052191351515731,0.006946798176664215,0.022536220640461346,0.005548455120893081
2023-11-21,-0.004230829450906803,-0.011578033638603658,0.005284550324392567,-0.009224456318613239,0.023769060694616817
2023-11-22,0.003514438011980703,0.012812537522650214,0.0110971657925385,-0.024587674500076706,-0.028980059381488954
2023-11-24,-0.007004259986419403,-0.0011115721070836804,-0.012997245368547072,-0.019295337968106896,0.00529435207219775
2023-11-27,-0.000947562945542102,0.003126366080439258,-0.0020482751349537587,0.009753839135594689,0.0026757481035388775
2023-11-28,0.0032140510486105,0.010802886474565954,0.005791160722421251,-0.008726786551553345,0.04506946504203557
2023-11-29,-0.005409633341865172,-0.010060170217592201,-0.016107820560657293,0.0066707346907337595,-0.010457205813430348
2023-11-30,0.0030627247922658807,0.00015830690600826536,-0.018223545220146464,-0.028458759706886494,-0.016629792613843564
2023-12-01,0.006791367470635468,-0.011612258096993622,-0.005055418553599367,-0.0001069919963294641,-0.005206597761023168
2023-12-04,-0.009464521962946892,-0.014338685965087472,-0.019642094783920205,-0.02683631705079892,-0.01360800559009756
2023-12-05,0.021063158525789216,0.009156250023554025,0.013305628081838883,0.02329377022589263,0.013328802806870987
2023-12-06,-0.00568715439806744,-0.00998587708231713,-0.007405205800445458,-0.022827943558169528,0.002722829646282676
2023-12-07,0.010139325511858921,0.005829706287450387,0.05314557281524035,0.024020581832840282,0.01366087788429815
2023-12-08,0.007412399348836862,0.008842054031394708,-0.014167828440791563,0.01952945025207753,0.0049455858525417895
2023-12-11,-0.012927204834077832,-0.007829259282267409,-0.012593633630188394,-0.0185029192577173,-0.01681426716823431
2023-12-12,0.007920131012057574,0.008295104840723377,-0.00577675619854956,0.022090206142952207,-0.011387381846063915
2023-12-13,0.016691497960862334,-2.675456035194923e-05,0.0003772604468623708,0.009043997490136624,0.009619842336358264
2023-12-14,0.0007576610280373153,-0.022544458144136748,-0.004752106223550934,0.005448160724908169,0.04914543063053567
2023-12-15,-0.0027258098454607804,0.01311711074819244,0.0050023341819609435,0.011168656276961952,0.009758999874367902
2023-12-18,-0.00850322518939195,0.005179028682164244,0.024132647876745628,0.024278837183849378,-0.005601570686174839
2023-12-19,0.005359985816261403,0.0016370331017003803,0.006259201588627139,-0.00944538082838664,0.0203903496997484
2023-12-20,-0.010713841458993345,-0.007073050475916665,0.01236722875516727,-0.030098468293221936,-0.03918825045959673
2023-12-21,-0.0007700701000735721,0.007878828119513015,0.015035516412604144,0.01827032368245196,0.029780693649462897
2023-12-22,-0.005547354904799295,0.0027840968481689377,0.007619976915659521,-0.0032658933103604237,-0.007701401626197146
2023-12-26,-0.002840893510368203,0.00021359209999749496,0.0002120711829467492,0.00919503610928718,0.01611622781987765
2023-12-27,0.0005178744811591418,-0.001574616550793495,-0.008126151800132986,0.0028004017125837777,0.018822405072142834
2023-12-28,0.0022264166816974296,0.003234529950187026,-0.0009972336644019641,0.002124827104860616,-0.03159428430420175
2023-12-29,-0.00542418517587584,0.0020253400637075814,-0.0038509227894801823,0.0,-0.018563856087399966
2024-01-02,-0.03578661219826085,-0.013748602202834581,-0.010881196302469753,-0.027341453886276512,-0.0002414583049958896
2024-01-03,-0.007487670306763117,-0.0007280428276570383,0.0054281718516331345,-0.012435519229122005,-0.04013364984377277
2024-01-04,-0.012700153295135519,-0.007177622807429507,-0.018212103453046802,0.009018444714437912,-0.0021807686270334248
2024-01-05,-0.004012919436744755,-0.0005163938234727938,-0.004839123748891394,0.0228967177535897,-0.001849229589212631
2024-01-08,0.02417478184585886,0.018871563095098187,0.022913384231338263,0.06428092962759036,0.012463646412957496
2024-01-09,-0.0022634156761977,0.0029357814515245106,0.015197375322739681,0.016975161320128107,-0.02283214932024613
2024-01-10,0.005671458986897138,0.018574258285869893,0.009435770075210126,0.022770021383501815,-0.004341182513256769
2024-01-11,-0.003222639752959333,0.004859274866803043,-0.0014056339822841046,0.008684455603942265,-0.028725319101363445
2024-01-12,0.0017780869542145528,0.009983569692810557,0.004011863437033636,-0.002043016262259112,-0.036660513098772496
2024-01-16,-0.012317002920007702,0.0046335887716026924,-0.0011215257661739697,0.0305612042378256,0.004659894354722027
2024-01-17,-0.005173486995765808,-0.0020498129012025412,-0.007158414795358281,-0.0058351174686227525,-0.019826295019533036
2024-01-18,0.032570653661294635,0.0112973263962588,0.014207735968499113,0.018803541596946083,-0.017026203279914
2024-01-19,0.015533101604116695,0.012186779072264509,0.02021203393108295,0.04174612228830843,0.0014630807600990448
2024-01-22,0.012163135021040716,-0.005417890515310608,-0.002664302130014229,0.0027399708687636526,-0.015976244642273096
2024-01-23,0.006653282113621817,0.006027401062504101,0.007192226867762663,0.0036711854901001484,0.0016283349277841364
2024-01-24,-0.0034839362471991153,0.009175374884728527,0.011289386394828682,0.02486925562687503,-0.006263735117226887
2024-01-25,-0.0016966331345924512,0.005738223915985996,0.021317981837792432,0.004155715106553659,-0.12125293136804816
2024-01-26,-0.00901286655707978,-0.002321716301631027,0.0021072813602009965,-0.009510399622606691,0.0033948152034783963
2024-01-29,-0.003585649946935443,0.014334215525251048,0.00867327222045211,0.02349631277604769,0.04190991910385411
2024-01-30,-0.019246002923016814,-0.00275804464270224,-0.013354126970496427,0.00494671501792765,0.0034567835721344142
2024-01-31,-0.019357557694684058,-0.026946410205833105,-0.07500327142478913,-0.01986492845756027,-0.02244377647032403
2024-02-01,0.01334064123133194,0.015594452330326858,0.0075660996012481,0.024379607775024237,0.008382761388752824
2024-02-02,-0.00540514366502276,0.018425876925413975,0.008642647436886808,0.04970888107996485,-0.0050301649114266045
2024-02-05,0.009846648493096133,-0.013545135038622758,0.009130472316042804,0.04794448794087436,-0.03645365318513305
2024-02-06,0.008631713135598407,-0.0003945410215967504,0.002923100826554448,-0.01599560758526075,0.0223130928940527
2024-02-07,0.0005811338540100408,0.021110367258574625,0.009993124036349554,0.027497850664000456,0.01339813963135228
2024-02-08,-0.005754587592357474,0.00014484864100983152,0.0025423384383140846,-0.0065335207727847955,0.010555473441792307
2024-02-09,0.004093926449051155,0.015551579513634284,0.021177319909384762,0.03578376944585404,0.021154303741671487
2024-02-12,-0.009002028038047172,-0.012578777242525208,-0.009865666815426222,0.001593988495091958,-0.028103539988478476
2024-02-13,-0.011274295814318935,-0.021528789425474093,-0.016200078751973823,-0.001660654480433732,-0.021846598116614713
2024-02-14,-0.0048097566858283924,0.00966557124996803,0.005511847948408866,0.024567305784336746,0.025486372853585015
2024-02-15,-0.0015747253452499388,-0.007155309776692764,-0.021721457740495942,-0.01680661418991758,0.06221180550417671
2024-02-16,-0.00843044925338976,-0.006149218858393812,-0.015759406367426898,-0.000619310121092731,-0.0024943876658132247
2024-02-20,-0.004113910178812907,-0.0031430436141977047,0.004269827000500159,-0.04353205131507032,-0.030957752117438453
2024-02-21,0.004186009031073468,-0.001514422793319481,0.01013327033268041,-0.028508841585417444,0.00521268473502845
2024-02-22,0.011243975237646087,0.023546598390748574,0.01080310600210277,0.16400877041842543,0.013554445406056326
2024-02-23,-0.010034157664068566,-0.0031823165357374172,-0.000902073040619511,0.0035523460791770933,-0.027556873210526134
2024-02-26,-0.007451282360019018,-0.006823444638970777,-0.04438738015128807,0.003489217255296939,0.03870392576202142
2024-02-27,0.008114371313312274,-0.0001473450779323482,0.00952252678151333,-0.004943756983147196,0.0016549741281637331
2024-02-28,-0.006625319707944666,0.0005890127984953253,-0.01800140187908439,-0.013189105138071255,0.01156560160219966
2024-02-29,-0.003693168100691535,0.014519798948362972,0.015251714174474573,0.018657517379007338,-0.0007918650199801869
2024-03-01,-0.006030350884218771,0.004496607290552346,-0.009533554247195264,0.04003175555172178,0.003764585340074067
2024-03-04,-0.025381324213025747,-0.0013958359899024497,-0.027635874037353347,0.035950881838763715,-0.07155546804023882
2024-03-05,-0.028440953575865624,-0.029571953645974536,-0.005099336771680507,0.008576480633962769,-0.03933237971984138
2024-03-06,-0.005878228196921742,-0.001390874837205014,-0.009572784581079241,0.0318272688083443,-0.02323786698783792
2024-03-07,-0.0007095328850953431,0.017533515475608663,0.022678900052300888,0.04474621164368564,0.011951969472048907
2024-03-08,0.010236695564953324,-0.007136994253614359,0.007664865202300808,-0.05547694087832156,-0.018527834714126334
2024-03-11,0.011831652081736976,-0.0041851022392811466,0.016689958736897603,-0.02003931541437365,0.013858834181150304
2024-03-12,0.002778493435951601,0.026599599365942472,0.006028989997141965,0.07157185492596096,-0.0012938683737420131
2024-03-13,-0.012122493403038503,-0.00043342507608901126,0.009314151924408431,-0.011151786268903785,-0.04539820808488959
2024-03-14,0.010927137181839353,0.02437963715221292,0.023678343467759877,-0.03239162404143081,-0.04118477639544138
2024-03-15,-0.0021964327799625094,-0.020695216938349414,-0.013417274687477332,-0.0012166545056184752,0.006584660456730784
2024-03-18,0.006372503108038607,0.002161340948774404,0.04604039941255822,0.007035872635645868,0.06254200201423088
2024-03-19,0.013585060025703033,0.009800702896991531,-0.004401345809327051,0.010660808780409425,-0.014269250195585559
2024-03-20,0.014709133554380083,0.009064644685801593,0.011630393006967665,0.01089491492371275,0.025332688257929448
2024-03-21,-0.04085738394592042,0.009735952605616438,-0.007664558011968525,0.011762557605214274,-0.016167575308454918
2024-03-22,0.0053101881483430535,-0.001467243023337006,0.0214771684338253,0.031213467695968333,-0.01151490226146512
2024-03-25,-0.00830050413727268,-0.0137145824894509,-0.004642938920621176,0.007561705083949377,0.010536808713131895
2024-03-26,-0.0066723978327593025,-0.00286144538749189,0.00399810844382853,-0.025694005452481017,0.029195349264770964
2024-03-27,0.0212126146084477,-0.0005218688745722844,0.0013274637234184095,-0.024967416791701225,0.012157391142962881
2024-03-28,-0.010559309635851055,-0.001684676553158182,0.0003976704353874094,0.0011744881584496714,-0.022465709302040393
2024-04-01,-0.008455648578125863,0.009151023238378242,0.030212771415430995,7.746397312802245e-05,-0.003242460249155976
2024-04-02,-0.006998783492263905,-0.007372203462756688,-0.0059810924319927405,-0.010081531062843374,-0.049024062767074494
2024-04-03,0.0047973799869927,-0.0023491042973605714,0.002329157430704054,-0.005455433187881331,0.01050231020055925
2024-04-04,-0.004892330855129745,-0.0061123060552144,-0.028337174010233945,-0.0343847723010946,0.016213301154368365
2024-04-05,0.004501723456117546,0.018282506952351785,0.01308703391456656,0.024480693446533586,-0.036292482565110196
2024-04-08,-0.006663461525390435,-0.0021855339811809316,0.015409971265737177,-0.009942372797566712,0.04899940648952894
2024-04-09,0.00724242730567437,0.0039804131318386116,0.011301217602959657,-0.020417225409504303,0.02254601255405486
2024-04-10,-0.01113918927817592,-0.007084565984643798,-0.0029374139513819175,0.019741496373553602,-0.028946236061948905
2024-04-11,0.04327094999904735,0.01103340517610607,0.020942566536704454,0.04109655953380775,0.01653476762638495
2024-04-12,0.008626618368935635,-0.014091208114413,-0.010538833093088673,-0.02681643302525094,-0.020332204625772565
2024-04-15,-0.021863554518521067,-0.0195779805992371,-0.018195657082386796,-0.0247772421520297,-0.05594859487563397
2024-04-16,-0.019167249799518893,0.0022724741403676862,-0.002970319819084244,0.01644170398294098,-0.027062145360474688
2024-04-17,-0.008147374430445997,-0.006609114019963225,0.006930132573464087,-0.03866621075273469,-0.010565868854054306
2024-04-18,-0.0057143787608469054,-0.01838093154429199,0.0034731380516292987,0.0075682827153789045,-0.03550983840996058
2024-04-19,-0.01221253316748061,-0.012738987201094232,-0.012306785069797432,-0.10004602019930664,-0.0192088959161848
2024-04-22,0.005090933680292009,0.004610094536008136,0.014212500012463547,0.04354337494111338,-0.03400203941675628
2024-04-23,0.006391623240813882,0.01648556436647386,0.012669425336353513,0.03653258940497217,0.018514534090260826
2024-04-24,0.012702428026741597,0.0036557212321199906,0.00549730590654085,-0.033316016017128414,0.12061109407252757
2024-04-25,0.005147155566430417,-0.024495206032973282,-0.019669300169503523,0.037087451391119464,0.04965143743002587
2024-04-26,-0.0034728758634358092,0.0182437143277816,0.1022434731686448,0.061755674372285574,-0.011105884774887609
2024-04-29,0.024807972595835892,-0.010016667485598929,-0.033730814508040496,0.0002505572506352749,0.1530691710339953
2024-04-30,-0.018270817005367146,-0.03211928389038743,-0.02028283318471724,-0.015440114900429736,-0.05550118063944742
2024-05-01,-0.006047103726853242,0.014409253194231697,0.006634716630945059,-0.03889974504714777,-0.017950640048260635
2024-05-02,0.02203195385387402,0.007342975254718054,0.01684361336950091,0.03342930978302583,0.0001110562423569661
2024-05-03,0.059816270641663616,0.02216967931729652,0.003721134810107385,0.034631830947632114,0.006555235656792835
2024-05-06,-0.009106790347715665,0.016918449130907343,0.005142319845404364,0.03774109786704716,0.019703030064167848
2024-05-07,0.0037972231901513,-0.01015622615711198,0.018738815150889154,-0.017212875265491312,-0.03761635178001177
2024-05-08,0.0018639197063632373,0.002931380105151593,-0.010919720901289454,-0.001568060290118578,-0.017378079862311324
2024-05-09,0.010014499616884054,0.004335888144518574,0.0034242975001657072,-0.01841571775803652,-0.01573946875450305
2024-05-10,-0.006890325167792977,0.005869108178149451,-0.007707778252467268,0.012744084590275317,-0.02035238689978358
2024-05-13,0.017645361733017673,-0.002459298329910653,0.002905455319639705,0.0057967898125694806,0.020300339194899042
2024-05-14,0.006173540835577862,0.006864585248480992,0.007094668552425576,0.010586406128782588,0.03292805679333921
2024-05-15,0.012217935677371061,0.01748388687764746,0.012739229799690444,0.03583766926857601,-0.02005067585133169
2024-05-16,0.0006324432208688613,-0.004940000755710217,0.009680559784748688,-0.0028637551392564076,0.004885285464054867
2024-05-17,0.00015805129463819512,-0.00185270680889138,0.01079354544835498,-0.01992387441592125,0.014985188920464187
2024-05-20,0.0061621372659441676,0.012208178593440033,0.004884707379630093,0.024881352199890072,-0.014144086952910362
2024-05-21,0.006857230447240736,0.008699021167306809,0.005256613688610745,0.0063937901136965625,0.06659050790792542
2024-05-22,-0.007538450453831835,0.0034494423759261483,-0.00826530383934887,-0.004570866596968592,-0.03478030697150003
2024-05-23,-0.021057979165923002,-0.008176095454199062,-0.016044948189304242,0.0931963914693954,-0.03536724832380789
2024-05-24,0.01658804689904092,0.007400512800980641,0.008297284006138606,0.025722770184755994,0.03165649721483632
2024-05-28,5.2591084365172236e-05,0.00037185078794355064,0.008057621038158436,0.06980423931407276,-0.01389201861667555
2024-05-29,0.0015791843963752772,-0.0026722790754671877,-0.0028345066696349175,0.008112341345579477,-0.0031683030189180172
2024-05-30,0.005255056891338095,-0.0337862128555525,-0.021546239834868586,-0.03766602264565344,0.014756744473008343
2024-05-31,0.005018501461824032,0.0011093868838010223,0.0022659063357537423,-0.007846098840661453,-0.003971091681523098
2024-06-03,0.009258823144343564,-0.0038784399813435178,0.003884115846389369,0.04895410793447108,-0.0100517100545634
2024-06-04,0.00164928996923841,0.006166678646754242,0.0035802082701188453,0.012495792799236849,-0.008622094682395387
2024-06-05,0.007820892264638557,0.019083209658270484,0.009321587749088645,0.051555724013677695,0.0013159908560766986
2024-06-06,-0.007096448688437729,0.0012027794469930964,0.007525142932519602,-0.011777137134366455,0.01680001395089281
2024-06-07,0.012391912960280305,-0.0015781255974656183,-0.012844393210720173,-0.000909145618860574,-0.0025851787543875737
2024-06-10,-0.01914776012239372,0.009484374135882323,0.004303971794858974,0.007461436961645029,-0.020791089307163446
2024-06-11,0.07264916951817257,0.011241794287093265,0.009199431951957049,-0.00714389257913961,-0.018010183238054034
2024-06-12,0.028578445863496782,0.019367639890707666,0.006624365978429747,0.03548076795009525,0.03884911216309472
2024-06-13,0.005491103832665489,0.0011789107593676018,-0.014792603680895966,0.03522374215333657,0.029217711832219218
2024-06-14,-0.008168499790174755,0.0022419733885898907,0.009305713990330977,0.01751415623203978,-0.024442410719736185
2024-06-17,0.019671571564688684,0.013105355364621207,0.0025454096904735657,-0.006824448891115331,0.052974598199923895
2024-06-18,-0.010984613848068037,-0.004527539365307698,-0.012130543940589877,0.035119816994186204,-0.013764414198944475
2024-06-20,-0.021512783286704806,-0.0014338293318680861,0.00691092793108572,-0.035403482794089336,-0.017797215597047833
2024-06-21,-0.010444355000034045,0.009153968371344634,0.01888810304643318,-0.03219142379063089,0.00793075466503601
2024-06-24,0.0031326036425365356,-0.004691059169938616,-0.002282441060291074,-0.06684051704306337,-0.0023495584322592578
2024-06-25,0.004468072618217578,0.007326879112927953,0.02683850452155001,0.06756405365194484,0.026125557150967316
2024-06-26,0.019993288980310497,0.0026832223230326413,-0.0008150621211762132,0.0024587312075337042,0.04814512260377568
2024-06-27,0.0039861164598626875,0.0015258677465932458,0.008320598900846798,-0.019066577720541433,0.0053470646120412635
2024-06-28,-0.016254276936681467,-0.013028506830572772,-0.017582702093514202,-0.0036292975413355633,0.002330091774560339
2024-07-01,0.02910459855178371,0.021881590760153502,0.004611676640223772,0.006151937453479972,0.060541719385108106
2024-07-02,0.016239936380784137,0.0055831308600331475,0.012295835375440767,-0.013113443926438983,0.10197271435359379
2024-07-03,0.005811053829640533,0.0032441875336630677,0.0031310034960234656,0.0457323725523513,0.06542422054051067
2024-07-05,0.02162026460959421,0.014736239758701197,0.025723871532107978,-0.019098794133007746,0.02082067005771515
2024-07-08,0.0065390163342167185,-0.002823153362302211,-0.00823722499440005,0.01883475189504824,0.005645666924397386
2024-07-09,0.0037748417448426608,-0.014370309473194398,-0.00026450101655906,0.02480524402497708,0.03712336538398886
2024-07-10,0.018803632190387942,0.014601610230316808,0.011641367437384753,0.02686862518467703,0.003545241645880992
2024-07-11,-0.02322092167494183,-0.02477209578071571,-0.029343944233373498,-0.05566682793681765,-0.08444127539962887
2024-07-12,0.013050844577096488,-0.002529200526460662,-0.0026944922765110846,0.01444277674849781,0.029871787680814776
2024-07-15,0.016743367797082076,0.0009039269616148982,0.007888889515412334,-0.006190117756330937,0.01776579679334911
2024-07-16,0.001791813130770148,-0.009780531907047307,-0.01399236570629725,-0.0161943146622463,0.015516142251486675
2024-07-17,-0.025296003363101227,-0.013347580473524134,-0.015767709709062272,-0.06623941613281492,-0.031415644041518975
2024-07-18,-0.020534789106325113,-0.007102291865262456,-0.01839577801426928,0.02627348178729516,0.002937608561525362
2024-07-19,0.0005799316802006516,-0.007402802371560324,-0.00016884600363531455,-0.026096206503617436,-0.040243947162209914
2024-07-22,-0.0015602758850207232,0.013337550116581554,0.022571223799507267,0.04757050885900327,0.05146320115237035
2024-07-23,0.004688279506817272,0.004312114504237297,0.0006605033205939748,-0.0076898137027844315,-0.020396762498772203
2024-07-24,-0.028754296951894243,-0.03585473480377943,-0.05038772941645542,-0.06803167399404408,-0.12334604589403697
2024-07-25,-0.0048045536724560245,-0.024481175883551476,-0.030991085334717727,-0.017242906563669003,0.01972310939623889
2024-07-26,0.0021610340107405257,0.01641956884855844,-0.0016739959991798337,0.006946979346333038,-0.0020431189477511102
2024-07-29,0.0012846423555401554,0.0034331600673942475,0.015149763582453124,-0.013002004592437277,0.055959976710561854
2024-07-30,0.002565918009612256,-0.008928302036058766,0.004482986052710913,-0.07043632120638432,-0.04084450985365373
2024-07-31,0.01499086477189926,-0.010805864140658983,0.007340307907041321,0.12812096264310635,0.04244907202543402
2024-08-01,-0.01675072066025418,-0.002964026363688088,-0.004546937998463396,-0.06674064539154367,-0.06554059651757449
2024-08-02,0.006869356072107369,-0.020666086430221053,-0.024010276958975618,-0.017764007467723553,-0.042377581921705376
2024-08-05,-0.048166981549923715,-0.032656841621402366,-0.044461790681724955,-0.06357786559240008,-0.04232673647438423
2024-08-06,-0.009748153391579306,0.011286909232268716,-0.006028323173860706,0.03782982539238966,0.008849529684359148
2024-08-07,0.012498219771874597,-0.0029528738780078,0.004106371453897806,-0.05122302078215435,-0.044258397676563366
2024-08-08,0.016633238828372532,0.010691948468491308,0.01944130695018753,0.06126776273202372,0.036921162045623124
2024-08-09,0.013735951230325671,0.008269427762636061,0.0101216461498419,-0.002095756376900848,0.005833854775063374
2024-08-12,0.007129895153485499,0.0019456717054711081,-0.00843176249855837,0.04076363730951016,-0.012549972534179665
2024-08-13,0.017193087669806983,0.017698662087148875,0.01152272246942232,0.06530909677446006,0.05235706137163754
2024-08-14,0.0020336740225752603,0.006883881757579369,-0.02308730920628943,0.016704041444076223,-0.0310349655555765
2024-08-15,0.013530633231118472,0.011823780253562122,0.005799237224515474,0.0404809652398499,0.06336276788880446
2024-08-16,0.00591846921354322,-0.006080254392118456,0.010291232743487422,0.013999803199401306,0.009246267550119258
2024-08-19,-0.0007077954338955417,0.007312285171039434,0.02276649146736842,0.043506063944376505,0.030538618603692225
2024-08-20,0.002744556644026508,0.007757534627865326,0.003059891445305274,-0.021153796702381267,-0.007273684933137958
2024-08-21,-0.00048552392220491125,-0.0015536921286595229,-0.007955480519652225,0.009823181061501485,0.009814554993405888
2024-08-22,-0.008259744294269344,-0.020252770348169635,-0.012360597212032198,-0.03704276973743448,-0.056478704568676985
2024-08-23,0.010288167272858306,0.002984030810765592,0.011111068430124327,0.04549845572767319,0.04585589810206048
2024-08-26,0.001498852596203415,-0.007917683650587093,0.00326044201797715,-0.022493532923449022,-0.0322712435275504
2024-08-27,0.003741489758964933,0.0008464281335074375,-0.008907036872227048,0.014550132667873639,-0.018760845523390857
2024-08-28,-0.006753436735396301,-0.00782909820901867,-0.01111245407280681,-0.020966515727281143,-0.01653843794670573
2024-08-29,0.014570115729221955,0.006137356831512397,-0.006570453061871873,-0.06384846553557766,0.002575935743848623
2024-08-30,-0.00343781492344708,0.009730919573276653,0.009890082161862379,0.015137385425604721,0.03795812428442069
2024-09-03,-0.02720524571130356,-0.018459068665931055,-0.036846614930828414,-0.09525012464640892,-0.016393416920415627
2024-09-04,-0.008618739120429764,-0.0013188845524323423,-0.0057830904654442294,-0.016574105789990412,0.04183284569452206
2024-09-05,0.006927668735767778,-0.001247237290823433,0.00504975152927134,0.009415366152928595,0.04904058305110959
2024-09-06,-0.007014981406114895,-0.016381369459719908,-0.04019347570442089,-0.04085442022171426,-0.0844593239607937
2024-09-09,0.0004075775688632266,0.010007484219838547,-0.013335886324249313,0.035398341749722784,0.026289605928169646
2024-09-10,-0.0036213894446761596,0.020901184397670525,-0.0003362853546645672,0.01530934349091262,0.04577608406578748
2024-09-11,0.011585141839513868,0.021342222703242264,0.016816934276829842,0.08149871971190392,0.008666077418469476
2024-09-12,0.0004940567234399396,0.009360790994615842,0.02335270249896415,0.019161668437467805,0.007364189890953776
2024-09-13,-0.001212029542884685,0.008407527423238692,0.01790671451513215,-0.0003358434153616363,0.0020886633855721204
2024-09-16,-0.02777526108721995,0.0017417339578498225,0.0038104962142264664,-0.01947943890757764,-0.015241628421408637
2024-09-17,0.0021726197330820263,0.008832955171519385,0.007971675742952655,-0.010190038699666615,0.004806404196833203
2024-09-18,0.01798980365419145,-0.009973614302188683,0.003075509131388765,-0.019205785926553975,-0.0029402649901351108
2024-09-19,0.037065491166382136,0.018291144566116024,0.014579868677703667,0.03969304574176635,0.07359155565707187
2024-09-20,-0.002927378507596279,-0.007795974131259986,0.00894289177635832,-0.01586497609457227,-0.02324531900421767
2024-09-23,-0.007581065072062465,-0.0040434015262796885,-0.01063635040109756,0.002241448400666979,0.04931794333683115
2024-09-24,0.003974092786909855,-0.01001120331043781,0.0027184499116039706,0.03965245515920479,0.017080017089843746
2024-09-25,-0.004398224825381325,0.006850213049599541,-0.004929296416762208,0.021841655432702334,0.010815214909361437
2024-09-26,0.005080296091350078,-0.0018513051459352337,0.007678319542645307,0.004291135315719785,-0.01089404681602335
2024-09-27,0.0011866582740847065,-0.007627968104309102,0.0074971884601464645,-0.021283402784998406,0.024545630573566513
2024-09-30,0.02287195417816057,0.005326902881699569,0.011588928988784275,0.0003294655755305964,0.004492104223754234
2024-10-01,-0.029141561920136172,-0.022333187233556706,0.006873772515869625,-0.03656133629605962,-0.013798172234708361
2024-10-02,0.0025196825420921165,-0.008462300864414019,-0.006766915016024,0.015811987024743956,-0.03488095932262847
2024-10-03,-0.004894613511899348,-0.001414422882441868,0.0,0.033655888894432495,-0.03357160254966751
2024-10-04,0.005007337478568852,-0.0011523180518878684,0.00723493348226345,0.016849800830298856,0.03914235030998814
2024-10-07,-0.022530823517324827,-0.01567086396966444,-0.024422283531031486,0.022414444046669146,-0.03698816351676526
2024-10-08,0.018403992483977838,0.0126238306137747,0.0085899583427409,0.04047905204903657,0.015238957526229946
2024-10-09,0.016698466544265322,0.006631175741615314,-0.015330369433317337,-0.001805989996993107,-0.014110416966225725
2024-10-10,-0.0021782559486803743,-0.003880567378310218,0.0013592357298239932,0.016283547608302973,-0.009458613360014412
2024-10-11,-0.006505461443208849,0.0011543317608040393,0.0071569619298001985,-7.415898055063153e-05,-0.08782510719719305
2024-10-14,0.016479926681026935,0.00677362130289394,0.010536633454212518,0.024258239135950932,0.00624426350457119
2024-10-15,0.011024600855128686,-0.0009544428319846476,0.0030311189302365538,-0.04686035085485096,0.0018707960177875016
2024-10-16,-0.008851822906116524,-0.006256835107004033,-0.0018132680349356445,0.031306881668500264,0.008015641700267029
2024-10-17,0.0015963420116462679,0.001441943860023498,-0.013502003127017992,0.008915433610181545,-0.001987992760882462
2024-10-18,0.012276521799192697,0.003455534798867399,0.003007459953053848,0.007814165037020482,-0.0008601676940163117
2024-10-21,0.00629787506078916,0.0014827028176058743,0.003977540755912834,0.04137689234214936,-0.008382378207102636
2024-10-22,-0.002621715489902532,0.02084626743203244,0.006521547026972385,-0.0008349017612380161,-0.004021041161846095
2024-10-23,-0.02162310808284773,-0.006806834250306482,-0.014290822625541044,-0.028066190612756614,-0.019819274670942355
2024-10-24,-0.0008232230204299196,0.00030616345116585286,-0.0003687937760189497,0.006090610878756175,0.21919035070290427
2024-10-25,0.003643063787790446,0.00805213899533408,0.0156711824544995,0.008047810739806316,0.03343823359841336
2024-10-28,0.008599489474662825,-0.0036436425912504955,0.00877352500500983,-0.007206275733810608,-0.024815158866218545
2024-10-29,0.0011568287509875486,0.012564923818347173,0.017754333924516308,0.005194819301187925,-0.01139012091242797
2024-10-30,-0.015277975775801034,0.0013426895702852715,0.02817061446309399,-0.013522137694603975,-0.007590942139718337
2024-10-31,-0.018209488262373785,-0.06052760786523237,-0.019202052848010354,-0.04722248511583971,-0.029897037679701755
2024-11-01,-0.013279677549576596,0.00989289014113659,0.0010518934395402635,0.01988545499654748,-0.003482130697311625
2024-11-04,-0.00403749272313958,-0.004654373384725408,-0.011967836077052874,0.004800569403939692,-0.024660613282231236
2024-11-05,0.006486217676457073,0.007344700260397685,0.002954191289455288,0.02837187193481605,0.03541429020427711
2024-11-06,-0.0032669737018221623,0.021192918711071984,0.039884560494320764,0.0407404647765186,0.14751032444224466
2024-11-07,0.021372178566067213,0.012494564923895668,0.024021337558518985,0.022457324511075072,0.02904379065700735
2024-11-08,-0.0011882147854568315,-0.006792992879542492,-0.013277939550716433,-0.008396072954397149,0.08187665372925301
2024-11-11,-0.012028591561573432,-0.01072095500864867,0.011213774789729403,-0.016053669104348023,0.08959591143118995
2024-11-12,0.0,0.012009237025924824,0.007041924374562525,0.020859028499437215,-0.06145717075892854
2024-11-13,0.003969089994608321,0.005129681505774419,-0.015086425862174346,-0.013621673964592462,0.005327407385385952
2024-11-14,0.01377050629962362,0.0039746532157372005,-0.018448015046427235,0.0033498191210372674,-0.05771559508909463
2024-11-15,-0.014109162954561882,-0.027852657612518872,-0.017598891089523727,-0.03257025829443183,0.030657525449785616
2024-11-18,0.01342218023825592,0.0018313172889450335,0.016290834597400883,-0.01288919433854574,0.056186046847983784
2024-11-19,0.001140245112069671,0.004882671382697268,0.01608652546507172,0.048947663728094115,0.021432396454288627
2024-11-20,0.003154020989376116,-0.005505246122902818,-0.01201426464835964,-0.007618500812682338,-0.011473991967350106
2024-11-21,-0.0020960027432259665,-0.004316702537436434,-0.04744857951150927,0.0053465540860482275,-0.006987644766217049
2024-11-22,0.0059075362029243905,0.010003128207220602,-0.017121086823255416,-0.03218106002345622,0.038040225983177356
2024-11-25,0.013050819603222186,0.004292552611805611,0.0175407165305681,-0.04177536988843966,-0.039624464821427674
2024-11-26,0.009404445196126154,0.021968040983836534,0.008768273139730054,0.006616731288063171,-0.001063189566898104
2024-11-27,-0.0005531451949134514,-0.01168254200413188,0.0006503978101974894,-0.01153967447278148,-0.015788061864523528
2024-11-29,0.01021587339619856,0.001111152219221312,-0.0016545972536402553,0.021501507990381086,0.03685898787510977
2024-12-02,0.00952251294307116,0.017758485495800835,0.015034073883776866,0.0027486943508627792,0.034563659025395044
2024-12-03,0.012771897836577395,0.000510495560895885,-0.0008746652977548175,0.011757909474017003,-0.01587830229999254
2024-12-04,0.0014836497506194313,0.014424851195665056,0.01768402835298044,0.03479241673463407,0.018524782309774723
2024-12-05,0.00012338080028384546,0.0118878581196038,-0.009921302322327241,-0.0004822714247976201,0.03229681165351517
2024-12-06,-0.0008229202409396619,0.0021463465901894185,0.01199027845012357,-0.018061393967667372,0.053397958017247005
2024-12-09,0.01610118003224148,0.0055232375340796835,0.004928013215991678,-0.025484639527453168,0.0014644862094215227
2024-12-10,0.004133784664764217,-0.006031036691885205,0.05588196269106205,-0.026943168111955185,0.02873337295448497
2024-12-11,-0.005166060007357087,0.012767059886352516,0.05524647385755821,0.031391002506208965,0.05930322291934931
2024-12-12,0.005963659794566922,0.0012695372633722002,-0.017604894218724465,-0.014141037449093896,-0.015702575706076027
2024-12-13,0.0006856123851906037,-0.005093893600426336,-0.011148132168897873,-0.022498892624467803,0.04336284290396253
2024-12-16,0.011727714118647148,0.009658583772695684,0.036034091047475014,-0.01675990292273155,0.06141250567967771
2024-12-17,0.009719555250836232,0.006355239177121996,-0.0063053325017662365,-0.012196857692458485,0.036369912179738284
2024-12-18,-0.021421768297346322,-0.03756099698569171,-0.035922652646088515,-0.011350545416578761,-0.0827949436951747
2024-12-19,0.007014698277349574,-0.0008230631094794383,0.0005838207783155358,0.013730336903056806,-0.008997322180141931
2024-12-20,0.01881582827223327,-0.0009838973780921245,0.015383898254708095,0.030762248524884184,-0.034642491239586515
2024-12-23,0.0030649379093894424,-0.0030920011250796797,0.01682259389824381,0.03689681224631136,0.022657123925894362
2024-12-24,0.01147814869854269,0.009373793563207666,0.007604085726220955,0.0039379685270666265,0.07357174228224572
2024-12-26,0.003175629272296643,-0.002776921587062553,-0.0026005230084695796,-0.0020682545779533434,-0.017629994630971146
2024-12-27,-0.013242202847801088,-0.01730158602307752,-0.014519472440958414,-0.020867638004440248,-0.04947922616674816
2024-12-30,-0.01326336148267826,-0.013239503536257469,-0.00788545250716588,0.003503457841931956,-0.03301209257078741
2024-12-31,-0.007057864335583752,-0.00783842024206427,-0.010144266379408795,-0.023274362158217543,-0.03251001941775111
2025-01-02,-0.026235957722005487,-0.006927663501339887,0.0006866601685588947,0.029935174947178123,-0.06081615932376483
2025-01-03,-0.0020093663676228335,0.011395804420957223,0.012458479949559287,0.04453765099626916,0.08215567328200035
2025-01-06,0.006738933800222391,0.010629416510999468,0.026487302153004766,0.03433230606964521,0.0014861742226248698
2025-01-07,-0.011387714496238432,-0.012808275419088577,-0.0070096404815310764,-0.062169597905649465,-0.040603340073111505
2025-01-08,0.0020230348684115995,0.005184972885125205,-0.007877681450455642,-0.0002140006756540247,0.0014707807875757872
2025-01-10,-0.024103804048677402,-0.013213544942401567,-0.009847977840786948,-0.029976311100058384,-0.0005064369418008585
2025-01-13,-0.010344148734474867,-0.004201014096985256,-0.00536348805684661,-0.019719015898715497,0.021710512074366584
2025-01-14,-0.00477817804434344,-0.0036434112803426233,-0.007067685515324107,-0.01103367218590845,-0.017232432245921525
2025-01-15,0.019675915137548072,0.025597213691769927,0.031055601321348103,0.03400140991541667,0.08038151439752794
2025-01-16,-0.04040021104804048,-0.004058162874417404,-0.013500398742155806,-0.01959787741939023,-0.03362756026209679
2025-01-17,0.007535187565605561,0.01048103848588311,0.01601781887916842,0.030994989908860404,0.030641323404759335
2025-01-21,-0.03191577833245096,-0.0012353353987103466,0.010459245161057451,0.02265633026365843,-0.00569752092797482
2025-01-22,0.005345022645830477,0.04130695321717659,0.0016157249153934128,0.044308894409870625,-0.021128638710367298
2025-01-23,-0.0007595248119419695,0.001142823268619031,-0.0019660244186467946,0.0010197916582350697,-0.006576523247056931
2025-01-24,-0.003934565764101894,-0.005932146748282463,0.011263813289986713,-0.031245862969203397,-0.014064741844588391
2025-01-27,0.0317802621637584,-0.021393517162079267,-0.041955984424610904,-0.16968159946784855,-0.023193450212053546
2025-01-28,0.03654397781653196,0.029086888043189374,0.018195137901727332,0.0892586147100114,0.0023668700890153715
2025-01-29,0.00461683128234025,-0.010890044984245284,0.0005631941897485948,-0.041010995725330734,-0.02258280870425211
2025-01-30,-0.007394757973919863,-0.06180903860268361,0.027941191908293916,0.007679853424490624,0.028732954254456988
2025-01-31,-0.006692159687602506,0.0001686621321865811,0.015681895207056984,-0.036742818878689576,0.010792463618949588
2025-02-03,-0.03385597230587034,-0.00997444988895757,-0.01367525946548731,-0.02840008775682923,-0.05170542044525339
2025-02-04,0.021007850568216746,0.0035286715202140773,0.025592712275197993,0.017058085904001485,0.022232065633156273
2025-02-05,-0.0014175009202245237,0.002231094445473092,-0.07292368252242654,0.05208599573484074,-0.035797094243459227
2025-02-06,0.0032262139998637807,0.006121461503388659,0.0014111567717003393,0.03084180336963427,-0.010180622383618276
2025-02-07,-0.023968762146886702,-0.01459760505528429,-0.03267229652152692,0.009014586657984713,-0.0339282217314959
2025-02-10,0.001187337666050725,0.006028092054758183,0.006096983299951786,0.028727780951507853,-0.030114441341470455
2025-02-11,0.021831854672898388,-0.0018922408300013904,-0.006167171300179519,-0.005764684199262349,-0.06338211812502892
2025-02-12,0.018270080537830635,-0.005833139673464105,-0.00922733206087134,-0.012500106306125303,0.0243835913717656
2025-02-13,0.01967330050413918,0.003667093642806707,0.013779182076849805,0.031645551205647715,0.05773971683431944
2025-02-14,0.01271062034444026,-0.005139599514405235,-0.004888878654322637,0.02631391919664594,-0.0002809633725618932
2025-02-18,-0.0005314876576546501,0.002962669121909123,-0.00788212352533535,0.003961114533224563,-0.004861766535893763
2025-02-19,0.001636168138018812,0.012523100656200548,0.008162498241271798,-0.0012195457080016459,0.018214714280444966
2025-02-20,0.003920451581851392,0.005290706625309172,-0.0038322980427268893,0.00632046381564888,-0.01708454543992588
2025-02-21,-0.0011389815035128814,-0.01903259855834627,-0.02654964296257334,-0.04053964113609554,-0.046839747148427646
2025-02-24,0.006312374747486027,-0.010313283020000341,-0.0022821358262349323,-0.03087095549146035,-0.021521578674915554
2025-02-25,-0.00024284399473972762,-0.015099005285345468,-0.02136678887021115,-0.02801665992867297,-0.0838955952220366
2025-02-26,-0.027040185366615344,0.004599197961077106,-0.015334629669029431,0.03672127425088734,-0.039630120487999076
2025-02-27,-0.012730873159711109,-0.018012252149772423,-0.02448905000484347,-0.08478069375412489,-0.030433204805490277
2025-02-28,0.019131905122169668,0.011362185077120612,0.010563707540276246,0.03970035702420183,0.03912040539724382
2025-03-03,-0.015754251313333967,-0.02141109532909491,-0.019203547898290152,-0.08693564573326684,-0.02843203214376444
2025-03-04,-0.0088223823459046,0.00030884785246687585,0.023411765784263405,0.01692092817627522,-0.04429996705409467
2025-03-05,-0.0008052953828132647,0.031934369842304466,0.012286416504844189,0.011294082197512711,0.025952056083059283
2025-03-06,-0.0017391944176556873,-0.010298651028757821,-0.003872346521130332,-0.05737422564780548,-0.056073068986891905
2025-03-07,0.01589256603004152,-0.009020185329573605,0.00876126101119823,0.019173365494608907,-0.0029607088371812473
2025-03-10,-0.04847955156408401,-0.03343421121068091,-0.044857812270654884,-0.050670038443757504,-0.1542620682219512
2025-03-11,-0.02918934700724396,0.0007629382927840656,-0.011032752836799942,0.016638671382923187,0.037947369642955975
2025-03-12,-0.01747876781169988,0.007412189930887214,0.018714978685079098,0.06427593440097956,0.0759389121683911
2025-03-13,-0.03364361039356367,-0.011741132107372043,-0.02603071690842762,-0.0013824166282918604,-0.02986820819658198
2025-03-14,0.018170583894774106,0.02584687598082147,0.01677313757642418,0.052690772724235835,0.038640532386444715
2025-03-17,0.002388816946306438,0.000360336389624738,-0.007251293316242191,-0.01758857219116783,-0.04788383640805238
2025-03-18,-0.006121528964846634,-0.013326462200840217,-0.02203414281831817,-0.03430103864873846,-0.05335909096824687
2025-03-19,0.011989299247109786,0.011211901529332602,0.020041134275114336,0.01810621112728228,0.046824389357219776
2025-03-20,-0.005296369796450651,-0.002526930712145825,-0.006650791995090222,0.008594277896195823,0.0016958954271570903
2025-03-21,0.0194768206351692,0.011425921464878863,0.0073095880673679225,-0.00700244218990731,0.05269623506518384
2025-03-24,0.011270452024841005,0.004651577438902432,0.02250131519296361,0.031520885292299905,0.11933580126800525
2025-03-25,0.013681912241200633,0.005291630611742537,0.017175572345055068,-0.005930320618171225,0.03502280788451673
2025-03-26,-0.009921878605060552,-0.013133944989108914,-0.03224676556041739,-0.05741985409452688,-0.05580626179068926
2025-03-27,0.010472673711788838,0.0015641359750724337,-0.01708459487799363,-0.020481692951346053,0.0039329829222258805
2025-03-28,-0.02658029581236332,-0.030160250366450647,-0.04875490270461058,-0.015794689443281995,-0.03507493471452938
2025-03-31,0.019412618437147255,-0.009002025799393687,0.002008636751622328,-0.011762587510431133,-0.016657121359109794
2025-04-01,0.004771943413171442,0.0181144074018722,0.01571393708887836,0.016331408871262276,0.035885119854736525
2025-04-02,0.0031363286964034565,-0.00013076780573539892,-0.00019110005290057241,0.002451203829599846,0.05326685079977622
2025-04-03,-0.09245607048480542,-0.023630156307198336,-0.040244425028940656,-0.07806553577742859,-0.05474611137253549
2025-04-04,-0.07288742745362853,-0.035565904592512854,-0.03397026243840939,-0.07357565530166099,-0.10419786826814681
2025-04-07,-0.0367342786061855,-0.005502406616742839,0.00789824561845709,0.03530901884287374,-0.025644236634809525
2025-04-08,-0.049818154997102404,-0.009221474734242618,-0.013969289985250932,-0.013723776613149163,-0.048994783337158565
2025-04-09,0.15328847459654016,0.10133686604106673,0.09682104090518062,0.18722734161151489,0.22689989839624536
2025-04-10,-0.042393726837042345,-0.023406485069170535,-0.037111733007789804,-0.05912707353705149,-0.07274069589492627
2025-04-11,0.04059436926686022,0.018618040238158606,0.02826860038204293,0.03123543860990652,-0.00035656236159631316
2025-04-14,0.02205407661995684,-0.0016475946489872273,0.01228207464586828,-0.0019832181718143493,0.00015856900364230597
2025-04-15,-0.001876367594633943,-0.0053633813244883255,-0.01735092598671739,0.013458605962924697,0.0069744183248166
2025-04-16,-0.038933417075920684,-0.036605968068710304,-0.01906469545370104,-0.06871657979487544,-0.049427403598542585
2025-04-17,0.013949665806890499,-0.0103065155380615,-0.014152458096302167,-0.028710916248660956,-0.0007452201709629014
2025-04-21,-0.019392891310289984,-0.02354668619772804,-0.023088123515391357,-0.045127508275239814,-0.05746362595919796
2025-04-22,0.034065110587777614,0.021441395531364815,0.025733010733158812,0.020431255555844352,0.04602198338770602
2025-04-23,0.02433168803229968,0.020636836410287573,0.025615707850139335,0.03862877687705457,0.0536622440095611
2025-04-24,0.018426088780694405,0.03448262041249417,0.02529759722336089,0.036218443438834624,0.0349764859229853
2025-04-25,0.004367221263343435,0.0117480834781436,0.016825875150660474,0.04303310877209787,0.09803091011549903
2025-04-28,0.004109375580146679,-0.001760842828736786,-0.008335422979664497,-0.02053878781642582,0.0032637046356942534
2025-04-29,0.005091821959763321,0.007362691718169723,-0.0028017970192359964,0.0026671504207291807,0.021512501019458785
2025-04-30,0.006107664653832723,0.0030961157495594804,-0.008491542112051276,-0.0009172243677783021,-0.03379788089732105
2025-05-01,0.0038588738658813515,0.07625354383320349,0.015743008470190167,0.024697003047237986,-0.005812356915055328
2025-05-02,-0.037361741757710676,0.023225257389123177,0.016925054556278685,0.025893777340082025,0.023848576584252656
2025-05-05,-0.03145849927117084,0.002044639585663255,0.0010973892911136929,-0.005938881460677781,-0.024198258752220814
2025-05-06,-0.0019106906696092496,-0.006557060985279972,-0.005968125672196289,-0.002459988236033883,-0.017519458684867262
2025-05-07,-0.011384763377168206,9.230058356446413e-05,-0.07259681958467656,0.031002262560666072,0.003159597232260225
2025-05-08,0.006318533035958307,0.011122677849317864,0.019157090057666748,0.002648266209549277,0.031134624811778533
2025-05-09,0.0052660880535218,0.0012780152924320998,-0.009917098173424344,-0.006134513449693735,0.04718770485146129
2025-05-12,0.06314616899655467,0.024001129662010845,0.037381332657963284,0.054436382368091785,0.06745790403815088
2025-05-13,0.010152280585241868,-0.0002670709494630996,0.006752478937343431,0.05634142002011444,0.049280740626853614
2025-05-14,-0.0028178257737542234,0.008460528771286668,0.03660754807948052,0.041637787832564666,0.04073991993646375
2025-05-15,-0.004144470399044975,0.0022561216289509467,-0.008526283757674946,-0.0037682699470013015,-0.013978329078298546
2025-05-16,-0.0008985774907133148,0.0025158200042567636,0.01360086545366368,0.004227566230946556,0.0208856061756566
2025-05-19,-0.01173908704907789,0.010126108524079136,0.0021059870241977308,0.0012555708914034902,-0.022544186527114873
2025-05-20,-0.00919624836148425,-0.0015254229836257904,-0.015371631283944698,-0.008777862303089301,0.005057180873010214
2025-05-21,-0.023059121838798324,-0.012222561367165596,0.027930229071071233,-0.01919921813560177,-0.026758222357769146
2025-05-22,-0.0036122485818445016,0.0050599524837939835,0.01370431908756653,0.007814918860036713,0.019185982671137136
2025-05-23,-0.03024427887573744,-0.010288843235963574,-0.014045779885493936,-0.011593795625301828,-0.004984788190348977
2025-05-27,0.025298317070217013,0.023346185665684027,0.02629545367495023,0.03206631904936086,0.06939947711644767
2025-05-28,0.0010488254734115632,-0.007228264612688884,-0.0031231870215505664,-0.0050921217568175026,-0.016506435862546853
2025-05-29,-0.00234507522388816,0.0028861443683056986,-0.002900893316164055,0.032490219098310735,0.004286911755287504
2025-05-30,0.004501160816033689,0.0036626247995799055,-0.000698172295790167,-0.0291687941278016,-0.03339564619395741
2025-06-02,0.00423197959474253,0.003497336510424276,-0.01577972806657424,0.016650581167249268,-0.01088145559849063
2025-06-03,0.007783846649397574,0.0021646280560383424,-0.016860906858698677,0.02795160251329598,0.004610541775392996
2025-06-04,-0.002213746602105271,0.0019439176907138922,0.011252788491301624,0.004956867043901525,-0.03549540073392177
2025-06-05,-0.010797740805414291,0.008213496477298854,0.0009522138767907862,-0.013599149821945877,-0.14259893789082123
2025-06-06,0.01639826694665114,0.005773218004487157,0.03251873549573414,0.012357914021787986,0.036670186138995975
2025-06-09,-0.012112562253018933,0.005038498867470098,0.015103575601076669,0.006421192357627836,0.04553761352840424
2025-06-10,0.00605607184084711,-0.003870966156736544,0.014254129386131131,0.009324835355968286,0.05674382827003055
2025-06-11,-0.019193760456297837,0.0036099435659899815,-0.006998897152289407,-0.007780565515463356,0.0010426457165473302
2025-06-12,0.002112895022762018,0.01322416250280134,-0.009303656153099471,0.015192875966922648,-0.022424432461661592
2025-06-13,-0.013805244367089187,-0.008165080510427192,-0.005862285914259191,-0.020896564410876506,0.019429076154419578
2025-06-16,0.010028031208825672,0.008800777142615956,0.012022704666561301,0.019158991966676142,0.011742668079331553
2025-06-17,-0.014010719296581597,-0.0022958026862665015,-0.004638839332885669,-0.003939518675062925,-0.03882963749794621
2025-06-18,0.004804743182752258,0.0046021071052808615,-0.01494737107073274,0.009436588326663609,0.0180179597897272
2025-06-20,0.02248450514132916,-0.005913685323681417,-0.03854148767904275,-0.011204221179341944,0.0003416111576173275
2025-06-23,0.00248757334336136,0.01801422469496128,-0.008701366307523717,0.002224503655632759,0.0823193093872907
2025-06-24,-0.005955331300461331,0.008456762142235563,0.009564803520047294,0.025872182622140638,-0.023545920693855638
2025-06-25,0.0062905831155934955,0.004407191762580975,0.023445390718201953,0.043340194157648115,-0.037947582404945
2025-06-26,-0.0027783626191049127,0.010522701831922499,0.01675646127947905,0.004601133867798479,-0.0054037218123500486
2025-06-27,0.00039801477495893245,-0.003035451888013796,0.028754230634041145,0.017610611785741304,-0.006599526995335614
2025-06-30,0.020340134193924886,0.002964074054145005,-0.012882979672595218,0.0015214185022018878,-0.018446995428822777
2025-07-01,0.012916154224275056,-0.010775866174716486,-0.002213086319032609,-0.029685373444153784,-0.05335897504131726
2025-07-02,0.022230770203315764,-0.001950980777077449,0.015923582922107826,0.02576640912401551,0.04968242780731846
2025-07-03,0.005225041050401336,0.01578120791675297,0.004982093956777733,0.013290887733134138,-0.0009503811144286889
2025-07-07,-0.016857939297312052,-0.0022452133265176144,-0.015262058445122517,-0.006903425874769886,-0.06789282780315342
2025-07-08,0.0002858039892503772,-0.0022100998850178577,-0.013745106583103461,0.01112235955220875,0.013165935514200422
2025-07-09,0.005380715910463962,0.013873849785578818,0.012961687697069735,0.01799999599434221,-0.0064806174796113725
2025-07-10,0.006014939675876629,-0.004031705316035028,0.005661835122193759,0.007490231782154355,0.0472826483827995
2025-07-11,-0.005884835805047839,0.0036691290886827765,0.01446917662459013,0.004996907154757091,0.01174690904506881
2025-07-14,-0.012028812490351148,-0.000596086828139053,0.007602992953269938,-0.005153971450429062,0.010813001260769006
2025-07-15,0.0023488240612374867,0.00556639023300276,0.002423519418564002,0.040409468627178535,-0.01931207079538977
2025-07-16,0.0050212956703405975,-0.00039540699393569856,0.00532966056423767,0.0039250466013800445,0.03504091219258654
2025-07-17,-0.0006661853268702389,0.012024873520068091,0.0033338600266250573,0.009511613744672687,-0.007025863995037018
2025-07-18,0.005523241182089356,-0.0032245775907299157,0.00806182982389525,-0.0034103992656315807,0.03205907804067243
2025-07-21,0.0061558702516160135,1.9597398712045688e-05,0.027234470780260978,-0.005974107010490393,-0.0035188948387289143
2025-07-22,0.009036182474420285,-0.009391045243034468,0.006522880816912213,-0.025382232472884958,0.0110201078413521
2025-07-23,-0.0011660856188711044,0.0011875122281272965,-0.005801195087693611,0.022451043366986,0.0013550095657464123
2025-07-24,-0.0018211487803653226,0.009903715255829226,0.0101981627314498,0.017332274087179744,-0.08197020076301287
2025-07-25,0.0005614197975087887,0.005539566378135463,0.005255746356593649,-0.0013813961041784228,0.03524405566934252
2025-07-28,0.0007948746335069146,-0.0023555209851178205,-0.00310587511308269,0.018731989106281377,0.030152499060024596
2025-07-29,-0.012987651582609505,0.00013658563818119696,0.016460653729744257,-0.00701563995343113,-0.013483166498468035
2025-07-30,-0.010507881543836084,0.0013071070651766714,0.003984721165483096,0.021423415612506602,-0.006724793213012448
2025-07-31,-0.007079622090835236,0.03947470453976676,-0.02355877991784605,-0.0078095147785869345,-0.03375758288237862
2025-08-01,-0.0250035932739211,-0.01760072001226609,-0.014434561707329485,-0.02333164124835896,-0.01829559909125389
2025-08-04,0.004792974350137147,0.021999259295981233,0.031248294135184373,0.03615013766361175,0.021907956170373222
2025-08-05,-0.0021146907604691068,-0.014730087451690799,-0.001896995776040522,-0.009666733498278846,-0.0017461311772288823
2025-08-06,0.05090680618623611,-0.0053244351410633994,0.007294320092593232,0.006507394244785081,0.03624644466558724
2025-08-07,0.03179364268982976,-0.007810398227357296,0.002192925408914803,0.007524277913753652,0.007377028928595486
2025-08-08,0.04235792328538146,0.002303907839930286,0.024933814520254227,0.01067652067844116,0.02290006868278205
2025-08-11,-0.008337416841468825,-0.0005171525785138131,-0.0020851554748789747,-0.003503037563961864,0.02845443669493286
2025-08-12,0.010872441677679756,0.014316580058936212,0.011641775508102858,0.006042003347467295,0.005338753399730889
2025-08-13,0.01602441991019199,-0.016363020350273483,-0.006786597929936633,-0.008571763966649049,-0.004283509772223915
2025-08-14,-0.0023571895917441354,0.003649715185283675,0.004852378555552539,0.0023679810043872873,-0.011196942235471519
2025-08-15,-0.005112133549474374,-0.004421230659529152,0.004730436677749195,-0.008625449460479717,-0.014959143019665277
2025-08-18,-0.0030225698834628334,-0.005901995633061485,-0.0019616729992227855,0.008645020880647225,0.013915797850586165
2025-08-19,-0.001429259958971918,-0.014175136000177835,-0.009483995050079685,-0.034998013839239506,-0.017454368181154756
2025-08-20,-0.019734572779050663,-0.00794472392905854,-0.011162432582165205,-0.001366452784833938,-0.016428300696053943
2025-08-21,-0.004911289931109564,-0.0012874574564821772,0.0021573120696150028,-0.0023945644326968107,-0.011701168929731831
2025-08-22,0.012716766064777785,0.005929757278004377,0.031739678470673605,0.017202033480534507,0.062166209505171155
2025-08-25,-0.0026343118159346535,-0.0058553341804989945,0.011645408839101368,0.010225311093573941,0.019381771561470362
2025-08-26,0.009464667467088184,-0.004402493114088024,-0.006475164325745242,0.010900367670896083,0.01462783391499567
2025-08-27,0.00514590705653295,0.00936176720870363,0.0016413777604888935,-0.0009352065559826706,-0.0058862207330171445
2025-08-28,0.008980832210059075,0.005722904191400424,0.020050189698274323,-0.007874516613228466,-0.010354676927882056
2025-08-29,-0.00180597769760249,-0.005788423440546087,0.00600073100443832,-0.03324642128304889,-0.03500206799409333
2025-09-02,-0.010424735828844955,-0.0030985559546348185,-0.007326982143995853,-0.019519964928560563,-0.01350828116207925
2025-09-03,0.038089848308826335,0.0004553590999198942,0.09136500745700982,-0.0009368627758283843,0.014361219324440011
2025-09-04,0.005493343195739575,0.005184515851476723,0.0071100321220396445,0.0060954526746064275,0.01328983953448204
2025-09-05,-0.00037532879451496193,-0.025533006259296664,0.011622895873477201,-0.027030183986951672,0.036363092201525005
2025-09-08,-0.007551410322323426,0.006464671125315569,-0.003194408754602418,0.007723564088240931,-0.01265534855703887
2025-09-09,-0.014839409394815983,0.00042150030094911806,0.02388485625123682,0.0145564601601742,0.001645517708609212
2025-09-10,-0.03225949486019408,0.003932488193810091,-0.0019196540687471675,0.03847512165898026,0.0023633378140295314
2025-09-11,0.014286368839370622,0.0012790827881028477,0.005017338953168027,-0.0008459798617036496,0.06043873744853956
2025-09-12,0.017562963814985233,0.017744124783092063,0.001788941811812439,0.003668844397986648,0.07356092584909457
2025-09-15,0.011235910376080627,0.010707965327386493,0.04489201587040781,-0.00039369767931174415,0.03561147147692467
2025-09-16,0.0061258849469238985,-0.012263227620067041,-0.0017884700415349286,-0.016146245385021074,0.028241113869250656
2025-09-17,0.0035272375318422533,0.001925154118143313,-0.006489906271085144,-0.026246634655319623,0.01005642588937583
2025-09-18,-0.0046445482440198305,-0.003078265245401113,0.010018835459584041,0.03494046885675561,-0.021157139806429193
2025-09-19,0.03203293660995743,0.01864486230927631,0.010673342278439968,0.0024398131092768782,0.022118270566640064
2025-09-22,0.04309566831880085,-0.0067190170833154594,-0.008597685422860546,0.03928229191902566,0.019104804353584193
2025-09-23,-0.006443275472520216,-0.010146760806378219,-0.0034451159125369335,-0.028212014146021813,-0.019253323313789705
2025-09-24,-0.008332331793480807,0.0018066156556137969,-0.01796075739762648,-0.008182432970958109,0.03977927016229388
2025-09-25,0.018072995928489766,-0.0061158387817614734,-0.005462515605930585,0.004068493053832389,-0.04381307961359793
2025-09-26,-0.005489112898051984,0.00873714116807034,0.0030513854122893314,0.0028138893192084513,0.0401756741055197
2025-09-29,-0.004031997224675621,0.006139256605245391,-0.010099741632933035,0.02053989343938012,0.00638055766924972
2025-09-30,0.0007861188255666729,0.006509982083227506,-0.0038926323964876275,0.026010423804146532,0.0034069849388267404
2025-10-01,0.003220327729275496,0.0033980301653540046,0.007404309945604481,0.003537376222704669,0.033144428390707636
2025-10-02,0.00657666061710982,-0.007638936272985952,0.0032258414234824784,0.008812186755381202,-0.051059922281332826
2025-10-03,0.0034612223931820285,0.003121699658835464,-0.0013838427877085335,-0.0067235125023275,-0.014151406944344913
2025-10-06,-0.005154587353288997,0.021687508007657064,0.020705059897664357,-0.011086248188821868,0.054486690457546505
2025-10-07,-0.0008180741481198517,-0.008683857940984696,-0.01864791880176797,-0.002694836790410604,-0.044478772558432134
2025-10-08,0.006160271773966164,0.0016603594595525628,-0.004638669495155456,0.02199528465138445,0.012930352007360923
2025-10-09,-0.015577789314472068,-0.004667907565661822,-0.012631822416684813,0.018296265150970603,-0.007180455170972544
2025-10-10,-0.034522080166306646,-0.021898990092536486,-0.02053571597791637,-0.04886536482426518,-0.05062684914805626
2025-10-13,0.009744360696440912,0.0060474330467461535,0.03204119853569298,0.028172109406748413,0.054197209585187034
2025-10-14,0.0004441597703503941,-0.00093372333459385,0.005324608168161493,-0.04402085929536681,-0.015278742269702716
2025-10-15,0.0063364896410271765,-0.0002726301116511287,0.02273376207143052,-0.0011109090129327592,0.013768529951932784
2025-10-16,-0.007580008893106838,-0.0035448013364658415,0.001712974292560121,0.011010374839450998,-0.01470755828163206
2025-10-17,0.004098629804506926,-0.004124206743370329,-0.007635462405435778,-0.004290186402128415,-0.000699679983600543
